Student ID,Name,Class,Subject,Exam Category,Exam Date,Score,Attendance (%),Participation,Behavior Score,Final Grade
149,Tania Jahan,10,Physics,Final Exam,2025-01-05,78,92%,Low,9,B+
857,Ayesha Rahman,10,Physics,Mid Exam,2025-01-21,67,61%,Low,6,B
369,Tania Jahan,10,Computer,Class Test,2025-02-14,49,90%,Medium,8,D
642,Tanvir Alam,10,Math,Final Exam,2025-03-08,77,65%,Low,6,B+
783,Ayesha Rahman,10,Physics,Class Test,2025-01-02,69,63%,High,10,B
931,Nusrat Hossain,10,Bangla,Mid Exam,2025-02-24,90,76%,High,9,A+
842,Sakib Khan,10,English,Final Exam,2025-03-07,60,71%,High,10,B
275,Mim Akter,10,English,Mid Exam,2025-01-11,46,89%,Medium,7,D
579,Mehedi Hasan,10,English,Class Test,2025-02-24,72,77%,Low,5,B+
693,Tanvir Alam,10,Math,Final Exam,2025-01-13,60,64%,Low,6,B
612,Ayesha Rahman,10,English,Final Exam,2025-02-09,67,75%,High,7,B
816,Mehedi Hasan,10,English,Mid Exam,2025-01-22,63,62%,Medium,7,B
320,Sakib Khan,10,Math,Mid Exam,2025-02-18,87,85%,Low,5,A
229,Mim Akter,10,English,Final Exam,2025-03-05,93,89%,High,9,A+
211,Nusrat Hossain,10,Math,Final Exam,2025-03-05,44,67%,High,5,D
408,Tanvir Alam,10,Bangla,Mid Exam,2025-02-12,85,82%,High,7,A
736,Mehedi Hasan,10,Bangla,Class Test,2025-03-27,63,92%,Medium,7,B
725,Mehedi Hasan,10,Biology,Final Exam,2025-03-25,73,75%,High,6,B+
915,Ayesha Rahman,10,English,Final Exam,2025-03-29,69,93%,Low,10,B
900,Ayesha Rahman,10,Physics,Mid Exam,2025-02-24,49,87%,Low,5,D
658,Mim Akter,10,Physics,Mid Exam,2025-01-18,55,89%,Low,7,C
719,Tania Jahan,10,Physics,Final Exam,2025-02-20,53,84%,High,7,C
900,Nusrat Hossain,10,English,Final Exam,2025-03-17,99,91%,High,9,A+
747,Sakib Khan,10,Biology,Final Exam,2025-02-06,65,98%,High,9,B
625,Tania Jahan,10,Biology,Class Test,2025-02-12,94,97%,High,9,A+
833,Tanvir Alam,10,Computer,Mid Exam,2025-01-17,44,97%,Medium,9,D
954,Tanvir Alam,10,Math,Mid Exam,2025-03-03,85,97%,Medium,7,A
681,Sifat Ahmed,10,Biology,Class Test,2025-01-04,93,69%,Medium,10,A+
461,Tania Jahan,10,Biology,Final Exam,2025-01-24,77,75%,High,7,B+
407,Mim Akter,10,Math,Final Exam,2025-02-05,55,71%,Low,5,C
387,Sakib Khan,10,Biology,Class Test,2025-03-20,80,86%,High,7,A
168,Ayesha Rahman,10,Biology,Class Test,2025-01-27,43,65%,High,8,D
504,Tania Jahan,10,Math,Mid Exam,2025-03-23,59,65%,High,5,C
343,Mehedi Hasan,10,Biology,Final Exam,2025-01-23,74,65%,High,9,B+
654,Sifat Ahmed,10,Bangla,Mid Exam,2025-02-16,70,62%,Low,8,B+
956,Sifat Ahmed,10,Bangla,Mid Exam,2025-03-11,47,93%,High,8,D
859,Mehedi Hasan,10,Physics,Class Test,2025-01-28,89,98%,High,7,A
488,Sifat Ahmed,10,Physics,Mid Exam,2025-01-31,78,62%,Medium,7,B+
479,Sakib Khan,10,Biology,Class Test,2025-02-12,43,63%,High,10,D
287,Mim Akter,10,Math,Class Test,2025-02-02,57,70%,High,6,C
293,Tanvir Alam,10,Bangla,Class Test,2025-02-09,95,99%,High,10,A+
391,Mehedi Hasan,10,Computer,Mid Exam,2025-01-05,69,78%,High,8,B
920,Nusrat Hossain,10,Biology,Final Exam,2025-01-02,96,71%,Medium,7,A+
560,Mehedi Hasan,10,Bangla,Final Exam,2025-03-07,57,83%,Low,10,C
394,Sakib Khan,10,Bangla,Class Test,2025-03-16,59,93%,Medium,7,C
965,Ayesha Rahman,10,Computer,Final Exam,2025-01-19,63,78%,Low,5,B
246,Ayesha Rahman,10,Biology,Final Exam,2025-01-25,67,66%,High,5,B
215,Tania Jahan,10,Computer,Class Test,2025-02-04,78,91%,Medium,8,B+
311,Tania Jahan,10,Bangla,Mid Exam,2025-03-10,93,88%,Low,9,A+
510,Ayesha Rahman,10,Computer,Mid Exam,2025-01-28,95,90%,Medium,6,A+
944,Tanvir Alam,10,Biology,Mid Exam,2025-03-18,74,79%,Medium,8,B+
887,Mim Akter,10,Biology,Class Test,2025-01-10,82,73%,High,5,A
869,Nusrat Hossain,10,Physics,Final Exam,2025-01-28,62,87%,High,10,B
951,Mehedi Hasan,10,Physics,Final Exam,2025-02-08,47,80%,High,10,D
538,Nusrat Hossain,10,English,Final Exam,2025-03-23,79,73%,Low,7,B+
963,Sifat Ahmed,10,English,Mid Exam,2025-01-27,64,81%,Low,9,B
711,Ayesha Rahman,10,Bangla,Mid Exam,2025-03-13,47,72%,Low,8,D
140,Sifat Ahmed,10,Computer,Mid Exam,2025-03-07,69,61%,High,8,B
818,Mehedi Hasan,10,Physics,Class Test,2025-01-27,79,80%,Low,7,B+
335,Sifat Ahmed,10,Biology,Class Test,2025-02-27,89,82%,Medium,6,A
431,Sifat Ahmed,10,Physics,Class Test,2025-03-12,46,91%,High,9,D
403,Nusrat Hossain,10,Physics,Class Test,2025-02-07,45,64%,Medium,6,D
922,Nusrat Hossain,10,Physics,Class Test,2025-01-26,88,64%,High,10,A
357,Tanvir Alam,10,Biology,Class Test,2025-03-25,40,94%,Medium,7,D
834,Ayesha Rahman,10,Math,Mid Exam,2025-01-29,76,97%,High,10,B+
497,Tania Jahan,10,Physics,Mid Exam,2025-03-04,88,68%,High,6,A
601,Mehedi Hasan,10,Math,Class Test,2025-01-17,43,74%,Low,5,D
532,Tanvir Alam,10,Bangla,Class Test,2025-02-16,45,72%,Medium,6,D
530,Ayesha Rahman,10,English,Mid Exam,2025-02-18,78,71%,Low,9,B+
795,Mim Akter,10,Biology,Mid Exam,2025-01-29,62,65%,Low,8,B
583,Tanvir Alam,10,Physics,Class Test,2025-02-28,93,71%,High,5,A+
212,Nusrat Hossain,10,Bangla,Final Exam,2025-02-08,99,82%,Medium,6,A+
256,Mim Akter,10,Biology,Mid Exam,2025-02-20,70,100%,Low,8,B+
591,Mehedi Hasan,10,Physics,Final Exam,2025-01-24,70,81%,Medium,10,B+
385,Mim Akter,10,Bangla,Mid Exam,2025-02-28,86,77%,Medium,7,A
179,Tania Jahan,10,Computer,Mid Exam,2025-02-07,64,70%,Low,5,B
185,Mehedi Hasan,10,Bangla,Mid Exam,2025-03-18,58,71%,Low,5,C
145,Nusrat Hossain,10,Bangla,Mid Exam,2025-01-04,47,84%,High,9,D
874,Sakib Khan,10,Biology,Mid Exam,2025-01-25,81,77%,Low,7,A
856,Sakib Khan,10,English,Mid Exam,2025-02-22,93,98%,High,5,A+
352,Mim Akter,10,Math,Final Exam,2025-01-24,89,76%,Medium,6,A
292,Mehedi Hasan,10,Bangla,Class Test,2025-02-25,67,84%,Medium,7,B
977,Mehedi Hasan,10,Math,Final Exam,2025-03-11,52,90%,Medium,5,C
801,Tania Jahan,10,English,Final Exam,2025-02-12,72,61%,Medium,9,B+
327,Mim Akter,10,Bangla,Mid Exam,2025-03-29,81,78%,Low,8,A
152,Tanvir Alam,10,Physics,Class Test,2025-01-23,87,82%,Medium,10,A
285,Mim Akter,10,Bangla,Class Test,2025-01-11,43,84%,High,6,D
908,Sakib Khan,10,Physics,Mid Exam,2025-02-14,50,83%,Low,6,C
963,Nusrat Hossain,10,English,Class Test,2025-01-01,98,71%,High,8,A+
472,Ayesha Rahman,10,Physics,Mid Exam,2025-01-07,79,60%,High,8,B+
770,Nusrat Hossain,10,Math,Mid Exam,2025-01-19,89,61%,Medium,10,A
752,Mim Akter,10,Biology,Mid Exam,2025-03-11,58,63%,Low,6,C
867,Nusrat Hossain,10,Math,Final Exam,2025-01-06,84,86%,Medium,9,A
340,Mehedi Hasan,10,Physics,Mid Exam,2025-02-04,60,81%,Low,5,B
739,Nusrat Hossain,10,Computer,Final Exam,2025-02-28,66,64%,High,9,B
430,Tanvir Alam,10,Physics,Final Exam,2025-03-29,55,69%,Medium,5,C
456,Mim Akter,10,Computer,Final Exam,2025-02-16,79,87%,High,8,B+
467,Ayesha Rahman,10,Math,Class Test,2025-03-20,75,90%,Medium,5,B+
378,Tania Jahan,10,Math,Final Exam,2025-03-27,58,94%,Medium,9,C
831,Tanvir Alam,10,Math,Class Test,2025-01-16,73,98%,Low,6,B+
477,Mehedi Hasan,10,Bangla,Final Exam,2025-01-10,73,88%,Low,10,B+
912,Nusrat Hossain,10,Computer,Class Test,2025-01-27,60,89%,High,8,B
811,Ayesha Rahman,10,Computer,Class Test,2025-02-14,44,85%,Low,5,D
548,Nusrat Hossain,10,Computer,Final Exam,2025-03-20,66,67%,Low,8,B
374,Mehedi Hasan,10,Bangla,Final Exam,2025-02-17,51,60%,Medium,10,C
359,Mehedi Hasan,10,Math,Final Exam,2025-01-08,76,79%,Medium,8,B+
960,Mim Akter,10,Bangla,Class Test,2025-03-08,71,98%,Medium,6,B+
546,Nusrat Hossain,10,Math,Class Test,2025-03-27,41,72%,High,7,D
152,Sifat Ahmed,10,Physics,Class Test,2025-03-29,53,95%,High,7,C
262,Sakib Khan,10,Biology,Class Test,2025-01-07,100,71%,Low,6,A+
727,Nusrat Hossain,10,Biology,Class Test,2025-02-25,67,80%,High,9,B
353,Nusrat Hossain,10,Math,Mid Exam,2025-02-09,97,67%,Medium,5,A+
934,Tania Jahan,10,Bangla,Mid Exam,2025-01-18,87,89%,Low,7,A
165,Tania Jahan,10,Math,Final Exam,2025-02-13,69,79%,High,6,B
836,Tania Jahan,10,Math,Class Test,2025-01-25,82,75%,Medium,10,A
125,Nusrat Hossain,10,Biology,Mid Exam,2025-03-03,94,68%,Low,7,A+
968,Sifat Ahmed,10,Math,Mid Exam,2025-03-06,45,71%,High,7,D
214,Nusrat Hossain,10,Computer,Final Exam,2025-02-15,70,93%,Medium,9,B+
853,Tanvir Alam,10,Biology,Mid Exam,2025-03-18,98,70%,Low,9,A+
370,Tania Jahan,10,Math,Final Exam,2025-01-27,98,97%,Low,8,A+
585,Ayesha Rahman,10,English,Final Exam,2025-01-16,70,75%,Medium,5,B+
377,Mehedi Hasan,10,Physics,Class Test,2025-02-16,62,91%,Low,10,B
702,Sifat Ahmed,10,Math,Mid Exam,2025-02-17,58,94%,Low,7,C
697,Tanvir Alam,10,English,Final Exam,2025-02-15,43,62%,Low,9,D
202,Sakib Khan,10,Math,Mid Exam,2025-03-11,63,90%,High,5,B
173,Tania Jahan,10,Math,Mid Exam,2025-01-03,96,82%,High,8,A+
116,Ayesha Rahman,10,Biology,Final Exam,2025-03-03,61,88%,High,6,B
388,Ayesha Rahman,10,Bangla,Class Test,2025-01-09,86,100%,Medium,9,A
261,Mehedi Hasan,10,Bangla,Mid Exam,2025-01-24,57,98%,Low,9,C
383,Nusrat Hossain,10,Bangla,Class Test,2025-01-29,57,80%,Low,5,C
887,Sakib Khan,10,Computer,Mid Exam,2025-01-08,96,89%,High,10,A+
984,Sifat Ahmed,10,Bangla,Class Test,2025-03-06,89,88%,High,5,A
332,Sifat Ahmed,10,Physics,Class Test,2025-03-07,92,95%,Medium,9,A+
296,Tanvir Alam,10,English,Mid Exam,2025-01-12,88,95%,High,8,A
780,Tania Jahan,10,Computer,Mid Exam,2025-01-25,85,85%,High,7,A
653,Tanvir Alam,10,Biology,Class Test,2025-01-07,67,63%,Medium,9,B
917,Nusrat Hossain,10,Biology,Mid Exam,2025-03-15,91,74%,Low,5,A+
177,Tania Jahan,10,Biology,Final Exam,2025-01-05,56,93%,High,8,C
877,Sifat Ahmed,10,Math,Class Test,2025-01-08,78,71%,High,6,B+
712,Mim Akter,10,Biology,Final Exam,2025-01-29,89,60%,High,6,A
686,Tanvir Alam,10,Computer,Mid Exam,2025-03-11,54,62%,Low,7,C
414,Ayesha Rahman,10,Biology,Final Exam,2025-01-15,52,85%,Medium,8,C
292,Tania Jahan,10,Biology,Class Test,2025-02-12,78,79%,Low,9,B+
735,Sifat Ahmed,10,Computer,Final Exam,2025-01-29,73,86%,High,5,B+
435,Ayesha Rahman,10,Bangla,Final Exam,2025-01-01,97,85%,Medium,10,A+
887,Mim Akter,10,English,Final Exam,2025-03-03,50,68%,Medium,5,C
909,Nusrat Hossain,10,Bangla,Class Test,2025-02-10,88,97%,Low,6,A
481,Sakib Khan,10,Computer,Class Test,2025-03-02,51,82%,Medium,6,C
680,Nusrat Hossain,10,English,Class Test,2025-01-05,68,67%,Low,6,B
245,Nusrat Hossain,10,Bangla,Mid Exam,2025-01-18,44,90%,Medium,8,D
992,Sakib Khan,10,Physics,Class Test,2025-03-16,81,87%,High,9,A
837,Mim Akter,10,Computer,Final Exam,2025-02-06,51,97%,Medium,9,C
468,Mim Akter,10,Bangla,Mid Exam,2025-02-04,82,79%,High,5,A
982,Ayesha Rahman,10,English,Final Exam,2025-03-22,45,76%,High,7,D
647,Tanvir Alam,10,Computer,Class Test,2025-01-29,54,96%,Medium,8,C
610,Tania Jahan,10,Biology,Mid Exam,2025-03-03,54,63%,Low,10,C
943,Sakib Khan,10,Math,Class Test,2025-01-29,67,65%,Low,10,B
348,Tanvir Alam,10,Biology,Class Test,2025-03-26,55,63%,High,9,C
885,Nusrat Hossain,10,Biology,Mid Exam,2025-01-30,89,69%,Low,10,A
733,Mehedi Hasan,10,Bangla,Final Exam,2025-03-30,86,100%,Medium,8,A
533,Sifat Ahmed,10,Computer,Final Exam,2025-03-12,65,67%,Medium,10,B
631,Ayesha Rahman,10,Biology,Final Exam,2025-01-02,81,78%,Medium,6,A
712,Sifat Ahmed,10,English,Final Exam,2025-02-06,60,72%,Low,10,B
726,Mim Akter,10,Math,Final Exam,2025-03-27,62,87%,High,8,B
766,Ayesha Rahman,10,English,Final Exam,2025-02-22,89,63%,Low,10,A
924,Tania Jahan,10,Math,Mid Exam,2025-01-15,42,96%,High,8,D
239,Sifat Ahmed,10,Computer,Final Exam,2025-03-10,56,99%,High,10,C
985,Tanvir Alam,10,English,Mid Exam,2025-01-01,83,60%,Medium,9,A
607,Mehedi Hasan,10,Biology,Final Exam,2025-02-08,40,91%,High,6,D
128,Sakib Khan,10,Bangla,Mid Exam,2025-03-18,76,97%,High,7,B+
804,Mehedi Hasan,10,Physics,Class Test,2025-03-08,99,61%,High,6,A+
540,Mehedi Hasan,10,Biology,Mid Exam,2025-02-22,56,62%,High,9,C
693,Nusrat Hossain,10,Computer,Mid Exam,2025-03-18,70,70%,Low,5,B+
470,Sakib Khan,10,Math,Class Test,2025-03-10,46,92%,High,5,D
548,Mehedi Hasan,10,Math,Final Exam,2025-02-26,47,67%,High,9,D
928,Mim Akter,10,English,Class Test,2025-02-09,64,96%,High,8,B
860,Sifat Ahmed,10,Bangla,Final Exam,2025-02-06,83,63%,Low,9,A
123,Nusrat Hossain,10,Biology,Class Test,2025-01-19,90,63%,Medium,8,A+
955,Nusrat Hossain,10,Bangla,Class Test,2025-01-01,52,67%,High,9,C
958,Sakib Khan,10,Bangla,Final Exam,2025-03-07,78,74%,Low,5,B+
390,Tanvir Alam,10,English,Final Exam,2025-03-03,82,93%,Medium,7,A
562,Sakib Khan,10,Biology,Final Exam,2025-01-16,64,65%,Medium,7,B
949,Nusrat Hossain,10,Math,Mid Exam,2025-03-09,52,92%,Low,5,C
675,Ayesha Rahman,10,Math,Mid Exam,2025-02-24,80,82%,Medium,8,A
167,Ayesha Rahman,10,English,Final Exam,2025-03-21,96,62%,High,10,A+
648,Mim Akter,10,Computer,Final Exam,2025-03-29,93,90%,High,7,A+
281,Mehedi Hasan,10,English,Mid Exam,2025-03-30,89,100%,High,7,A
707,Ayesha Rahman,10,Physics,Class Test,2025-02-02,73,84%,High,5,B+
605,Sifat Ahmed,10,English,Mid Exam,2025-01-19,66,84%,Low,10,B
798,Tania Jahan,10,Biology,Class Test,2025-02-26,82,98%,High,9,A
901,Ayesha Rahman,10,Physics,Mid Exam,2025-03-18,95,89%,Low,9,A+
866,Sifat Ahmed,10,Physics,Class Test,2025-01-26,85,95%,High,10,A
886,Mehedi Hasan,10,Computer,Class Test,2025-02-19,71,78%,Low,6,B+
435,Sifat Ahmed,10,English,Mid Exam,2025-02-09,71,94%,High,8,B+
961,Mim Akter,10,Computer,Class Test,2025-02-02,58,85%,Low,8,C
496,Ayesha Rahman,10,English,Mid Exam,2025-02-24,52,97%,High,9,C
338,Mim Akter,10,Physics,Class Test,2025-02-23,96,76%,Medium,7,A+
309,Mim Akter,10,Bangla,Mid Exam,2025-03-06,41,72%,Medium,9,D
833,Mim Akter,10,English,Final Exam,2025-03-14,79,67%,Low,7,B+
774,Nusrat Hossain,10,English,Mid Exam,2025-01-26,94,73%,High,5,A+
162,Mim Akter,10,Biology,Class Test,2025-03-24,42,74%,Medium,9,D
307,Mehedi Hasan,10,Physics,Final Exam,2025-01-30,44,93%,High,7,D
568,Mehedi Hasan,10,Math,Class Test,2025-02-11,91,87%,Medium,7,A+
486,Mim Akter,10,Biology,Mid Exam,2025-02-09,44,71%,Low,10,D
833,Ayesha Rahman,10,Physics,Mid Exam,2025-02-09,43,89%,High,9,D
137,Tania Jahan,10,Bangla,Class Test,2025-01-21,43,70%,High,5,D
705,Mehedi Hasan,10,Math,Mid Exam,2025-02-18,81,70%,Medium,8,A
171,Sifat Ahmed,10,Biology,Mid Exam,2025-02-18,54,68%,Medium,8,C
822,Ayesha Rahman,10,Computer,Final Exam,2025-02-21,54,76%,High,8,C
675,Sakib Khan,10,English,Mid Exam,2025-03-30,47,79%,Low,6,D
817,Sakib Khan,10,Math,Final Exam,2025-02-14,93,99%,Medium,10,A+
481,Nusrat Hossain,10,Computer,Mid Exam,2025-02-27,56,76%,Medium,7,C
930,Ayesha Rahman,10,English,Final Exam,2025-01-08,42,72%,Low,5,D
436,Ayesha Rahman,10,Biology,Class Test,2025-03-12,96,97%,Medium,5,A+
822,Tanvir Alam,10,Math,Final Exam,2025-02-28,86,64%,Low,5,A
184,Ayesha Rahman,10,Bangla,Mid Exam,2025-01-04,94,67%,High,6,A+
282,Sifat Ahmed,10,Biology,Class Test,2025-03-06,92,88%,Medium,10,A+
288,Mim Akter,10,Physics,Mid Exam,2025-03-05,97,87%,Low,8,A+
382,Ayesha Rahman,10,Physics,Final Exam,2025-03-15,67,97%,Medium,7,B
422,Mehedi Hasan,10,Math,Mid Exam,2025-02-13,65,77%,Medium,5,B
755,Mehedi Hasan,10,Bangla,Final Exam,2025-02-05,98,68%,Low,10,A+
523,Mim Akter,10,English,Mid Exam,2025-03-01,60,81%,Medium,8,B
600,Sakib Khan,10,Bangla,Final Exam,2025-03-30,49,73%,High,8,D
749,Mehedi Hasan,10,Physics,Mid Exam,2025-02-26,46,100%,Medium,8,D
214,Ayesha Rahman,10,English,Mid Exam,2025-02-15,78,77%,Low,10,B+
308,Nusrat Hossain,10,Physics,Mid Exam,2025-03-04,73,69%,High,8,B+
364,Sakib Khan,10,Computer,Final Exam,2025-03-04,92,75%,Low,6,A+
454,Sifat Ahmed,10,Computer,Class Test,2025-03-07,64,69%,Medium,6,B
972,Tanvir Alam,10,Physics,Final Exam,2025-03-20,92,93%,Medium,9,A+
504,Sakib Khan,10,Biology,Final Exam,2025-03-05,93,76%,High,7,A+
125,Mehedi Hasan,10,Computer,Mid Exam,2025-01-01,62,60%,High,5,B
789,Nusrat Hossain,10,Computer,Class Test,2025-02-21,72,70%,Medium,9,B+
525,Sifat Ahmed,10,Physics,Mid Exam,2025-01-25,69,61%,Medium,9,B
718,Nusrat Hossain,10,Computer,Mid Exam,2025-01-25,61,62%,Low,6,B
329,Tania Jahan,10,English,Mid Exam,2025-02-04,90,70%,High,7,A+
314,Nusrat Hossain,10,Bangla,Final Exam,2025-01-25,98,87%,High,9,A+
142,Sifat Ahmed,10,Biology,Final Exam,2025-01-01,59,93%,High,8,C
781,Tania Jahan,10,Physics,Class Test,2025-03-18,93,79%,Medium,10,A+
176,Ayesha Rahman,10,Computer,Mid Exam,2025-02-09,59,72%,Medium,5,C
137,Tanvir Alam,10,English,Final Exam,2025-02-26,46,90%,Low,8,D
487,Tanvir Alam,10,English,Class Test,2025-02-16,88,66%,Medium,7,A
937,Sakib Khan,10,English,Mid Exam,2025-01-18,88,82%,High,9,A
970,Mehedi Hasan,10,Physics,Final Exam,2025-02-21,90,76%,Low,8,A+
201,Sifat Ahmed,10,Computer,Class Test,2025-02-03,85,89%,High,5,A
869,Mehedi Hasan,10,English,Class Test,2025-01-23,59,93%,High,10,C
365,Sakib Khan,10,Math,Class Test,2025-03-06,45,71%,Medium,9,D
537,Mehedi Hasan,10,English,Final Exam,2025-01-08,61,91%,High,6,B
919,Ayesha Rahman,10,Computer,Mid Exam,2025-02-14,96,88%,High,8,A+
754,Sifat Ahmed,10,Math,Class Test,2025-02-07,40,72%,High,6,D
561,Mehedi Hasan,10,Computer,Mid Exam,2025-01-18,51,98%,Medium,7,C
690,Sifat Ahmed,10,English,Mid Exam,2025-03-10,53,70%,Low,10,C
837,Mim Akter,10,Physics,Mid Exam,2025-02-06,69,81%,Low,5,B
504,Tanvir Alam,10,English,Class Test,2025-02-26,87,89%,High,10,A
956,Sifat Ahmed,10,Math,Mid Exam,2025-01-05,42,95%,Medium,6,D
143,Mim Akter,10,Physics,Final Exam,2025-01-01,59,67%,Medium,9,C
787,Tanvir Alam,10,Biology,Mid Exam,2025-03-20,54,84%,Medium,8,C
459,Ayesha Rahman,10,Math,Mid Exam,2025-01-27,60,89%,Low,7,B
400,Ayesha Rahman,10,Biology,Final Exam,2025-03-06,64,72%,Medium,6,B
291,Ayesha Rahman,10,Computer,Class Test,2025-02-15,68,78%,Low,6,B
108,Mim Akter,10,Computer,Class Test,2025-02-18,54,91%,Medium,5,C
419,Tania Jahan,10,English,Mid Exam,2025-02-05,68,70%,Medium,5,B
938,Tanvir Alam,10,Physics,Class Test,2025-02-27,90,98%,Medium,6,A+
500,Sifat Ahmed,10,English,Mid Exam,2025-03-16,90,94%,High,7,A+
860,Sakib Khan,10,Math,Class Test,2025-02-09,73,88%,High,8,B+
728,Ayesha Rahman,10,Math,Class Test,2025-01-31,91,96%,Medium,8,A+
899,Nusrat Hossain,10,Computer,Class Test,2025-01-19,59,88%,Low,7,C
890,Tanvir Alam,10,Bangla,Mid Exam,2025-03-06,69,96%,High,8,B
594,Sakib Khan,10,Biology,Final Exam,2025-02-13,84,84%,High,9,A
608,Sakib Khan,10,Biology,Class Test,2025-01-29,87,78%,High,7,A
513,Mim Akter,10,Bangla,Mid Exam,2025-03-22,68,100%,Medium,7,B
981,Tania Jahan,10,Physics,Final Exam,2025-03-26,52,68%,Low,7,C
495,Sakib Khan,10,English,Mid Exam,2025-03-21,96,64%,Low,10,A+
111,Mehedi Hasan,10,Computer,Final Exam,2025-03-07,51,87%,Medium,5,C
518,Sakib Khan,10,English,Final Exam,2025-02-09,61,82%,Medium,9,B
974,Sifat Ahmed,10,Math,Final Exam,2025-01-27,87,63%,Low,7,A
774,Tanvir Alam,10,Physics,Class Test,2025-03-13,100,76%,High,5,A+
928,Mehedi Hasan,10,Math,Mid Exam,2025-01-28,81,93%,Low,5,A
320,Tanvir Alam,10,Biology,Mid Exam,2025-03-29,96,88%,High,8,A+
177,Sakib Khan,10,Physics,Final Exam,2025-01-29,64,73%,Medium,5,B
307,Tanvir Alam,10,Math,Mid Exam,2025-03-20,65,72%,Medium,7,B
990,Ayesha Rahman,10,Math,Mid Exam,2025-03-19,86,92%,High,8,A
707,Sifat Ahmed,10,Math,Mid Exam,2025-02-28,62,99%,Medium,9,B
201,Mehedi Hasan,10,Bangla,Final Exam,2025-01-01,45,68%,Low,5,D
964,Sakib Khan,10,Computer,Mid Exam,2025-02-11,68,70%,Medium,10,B
301,Sakib Khan,10,Math,Class Test,2025-03-11,71,60%,Low,7,B+
570,Mim Akter,10,Physics,Mid Exam,2025-03-15,80,98%,High,9,A
436,Mim Akter,10,Bangla,Mid Exam,2025-02-07,100,82%,Medium,6,A+
402,Mim Akter,10,Biology,Class Test,2025-03-28,40,62%,Low,8,D
295,Nusrat Hossain,10,Physics,Final Exam,2025-02-12,78,97%,Medium,7,B+
256,Mehedi Hasan,10,Bangla,Class Test,2025-03-09,59,65%,Medium,8,C
936,Ayesha Rahman,10,Physics,Mid Exam,2025-02-09,90,84%,Low,9,A+
572,Tanvir Alam,10,Bangla,Final Exam,2025-03-13,77,79%,High,8,B+
189,Mim Akter,10,English,Class Test,2025-03-13,57,81%,High,7,C
417,Tania Jahan,10,Computer,Final Exam,2025-01-31,48,64%,Medium,9,D
610,Tanvir Alam,10,English,Class Test,2025-01-17,84,98%,High,9,A
298,Sakib Khan,10,English,Mid Exam,2025-02-27,97,88%,High,5,A+
748,Mim Akter,10,Computer,Mid Exam,2025-03-02,65,72%,Low,6,B
773,Sakib Khan,10,Bangla,Class Test,2025-01-07,82,69%,Low,7,A
390,Tanvir Alam,10,Math,Class Test,2025-03-30,50,100%,Medium,10,C
269,Tania Jahan,10,Biology,Class Test,2025-01-05,97,89%,Medium,6,A+
377,Mim Akter,10,English,Class Test,2025-03-01,71,65%,Medium,9,B+
296,Ayesha Rahman,10,Bangla,Final Exam,2025-01-05,88,72%,High,9,A
814,Sakib Khan,10,Physics,Class Test,2025-01-27,89,83%,High,8,A
615,Tanvir Alam,10,Computer,Mid Exam,2025-02-19,47,100%,Medium,6,D
993,Ayesha Rahman,10,Physics,Class Test,2025-03-28,81,73%,Low,7,A
278,Ayesha Rahman,10,Math,Final Exam,2025-02-22,48,67%,Low,6,D
117,Sifat Ahmed,10,Math,Mid Exam,2025-01-28,59,75%,Low,7,C
315,Mim Akter,10,Computer,Final Exam,2025-03-03,68,76%,Low,5,B
122,Tania Jahan,10,Computer,Final Exam,2025-03-22,47,84%,Low,9,D
887,Mim Akter,10,Physics,Mid Exam,2025-01-13,67,82%,Medium,8,B
817,Tanvir Alam,10,Math,Mid Exam,2025-01-25,66,98%,Low,9,B
480,Tania Jahan,10,Biology,Class Test,2025-02-27,76,86%,Medium,10,B+
428,Sifat Ahmed,10,Biology,Mid Exam,2025-03-09,76,73%,Medium,9,B+
714,Ayesha Rahman,10,Bangla,Mid Exam,2025-02-26,98,63%,Medium,9,A+
232,Nusrat Hossain,10,English,Final Exam,2025-02-27,84,94%,Low,7,A
806,Tania Jahan,10,Physics,Mid Exam,2025-01-31,92,97%,Low,5,A+
178,Ayesha Rahman,10,Computer,Class Test,2025-01-03,77,85%,High,10,B+
908,Mim Akter,10,English,Class Test,2025-01-04,85,70%,Low,5,A
242,Mehedi Hasan,10,Math,Class Test,2025-01-18,100,65%,High,7,A+
340,Ayesha Rahman,10,English,Class Test,2025-02-27,48,60%,Medium,5,D
895,Sifat Ahmed,10,Bangla,Class Test,2025-01-30,83,77%,Low,9,A
109,Tania Jahan,10,Math,Mid Exam,2025-01-11,99,83%,High,7,A+
257,Mehedi Hasan,10,English,Mid Exam,2025-03-15,50,79%,Low,9,C
312,Tania Jahan,10,Computer,Mid Exam,2025-02-12,83,76%,High,6,A
221,Sakib Khan,10,Math,Final Exam,2025-03-12,89,67%,Medium,9,A
292,Nusrat Hossain,10,Biology,Class Test,2025-03-17,49,70%,Medium,8,D
721,Tania Jahan,10,Physics,Mid Exam,2025-01-20,72,90%,High,6,B+
189,Mim Akter,10,Computer,Final Exam,2025-03-12,54,78%,Medium,8,C
185,Nusrat Hossain,10,English,Final Exam,2025-03-19,70,66%,High,10,B+
745,Tania Jahan,10,Math,Class Test,2025-01-25,61,72%,High,9,B
440,Sifat Ahmed,10,English,Class Test,2025-02-10,84,81%,High,5,A
837,Mim Akter,10,Biology,Class Test,2025-02-22,81,96%,High,10,A
697,Sakib Khan,10,English,Final Exam,2025-01-02,62,86%,Low,9,B
287,Sifat Ahmed,10,Biology,Mid Exam,2025-02-24,74,88%,High,10,B+
285,Sifat Ahmed,10,English,Mid Exam,2025-01-21,72,92%,High,6,B+
749,Tanvir Alam,10,Physics,Final Exam,2025-03-28,96,75%,High,9,A+
170,Tanvir Alam,10,English,Final Exam,2025-01-23,96,98%,High,7,A+
383,Ayesha Rahman,10,Biology,Class Test,2025-03-10,47,97%,Low,9,D
887,Nusrat Hossain,10,Physics,Mid Exam,2025-01-20,99,98%,Medium,7,A+
151,Ayesha Rahman,10,English,Mid Exam,2025-01-04,92,69%,High,10,A+
152,Mehedi Hasan,10,Physics,Mid Exam,2025-03-17,67,70%,High,7,B
730,Nusrat Hossain,10,Physics,Final Exam,2025-03-17,49,97%,High,7,D
695,Tania Jahan,10,Bangla,Mid Exam,2025-02-13,91,91%,High,5,A+
386,Tania Jahan,10,Physics,Final Exam,2025-01-12,99,80%,Medium,10,A+
171,Nusrat Hossain,10,Computer,Final Exam,2025-03-19,75,72%,High,9,B+
120,Sakib Khan,10,Biology,Class Test,2025-02-21,66,64%,High,8,B
713,Tania Jahan,10,Physics,Class Test,2025-01-11,61,61%,Low,6,B
368,Ayesha Rahman,10,Computer,Class Test,2025-02-09,88,96%,High,7,A
889,Ayesha Rahman,10,Computer,Mid Exam,2025-02-27,78,61%,Medium,5,B+
346,Nusrat Hossain,10,Math,Mid Exam,2025-03-09,63,70%,Medium,7,B
957,Mim Akter,10,Computer,Mid Exam,2025-03-02,82,65%,Low,5,A
826,Ayesha Rahman,10,Math,Final Exam,2025-02-04,53,82%,Medium,6,C
985,Sakib Khan,10,Computer,Class Test,2025-02-21,90,83%,High,8,A+
894,Sakib Khan,10,Physics,Final Exam,2025-03-11,61,63%,Medium,9,B
979,Tanvir Alam,10,Biology,Final Exam,2025-03-15,79,74%,Low,9,B+
254,Mim Akter,10,Computer,Mid Exam,2025-01-27,59,98%,Medium,6,C
173,Tanvir Alam,10,English,Final Exam,2025-01-07,71,90%,Low,6,B+
147,Sakib Khan,10,Math,Final Exam,2025-03-14,100,80%,Low,9,A+
312,Mehedi Hasan,10,Bangla,Class Test,2025-01-07,87,71%,Medium,5,A
621,Ayesha Rahman,10,Math,Class Test,2025-02-22,68,98%,Medium,7,B
790,Tania Jahan,10,Math,Final Exam,2025-03-01,58,61%,Medium,10,C
575,Sifat Ahmed,10,English,Mid Exam,2025-02-19,64,94%,Medium,7,B
387,Ayesha Rahman,10,Bangla,Class Test,2025-01-27,73,91%,Low,7,B+
839,Tania Jahan,10,Physics,Final Exam,2025-03-08,78,99%,High,8,B+
514,Nusrat Hossain,10,Computer,Mid Exam,2025-01-03,62,61%,High,8,B
636,Tanvir Alam,10,Math,Mid Exam,2025-03-07,59,71%,Low,10,C
709,Tania Jahan,10,Biology,Class Test,2025-02-16,94,76%,Medium,9,A+
418,Nusrat Hossain,10,Biology,Class Test,2025-03-06,66,73%,High,10,B
758,Sifat Ahmed,10,Physics,Final Exam,2025-01-06,86,67%,Low,10,A
775,Mim Akter,10,Math,Class Test,2025-03-12,94,78%,Medium,8,A+
132,Ayesha Rahman,10,Bangla,Final Exam,2025-03-05,53,70%,High,10,C
409,Mehedi Hasan,10,Computer,Mid Exam,2025-03-27,43,87%,Medium,5,D
639,Tanvir Alam,10,English,Mid Exam,2025-01-16,68,90%,Low,9,B
819,Tania Jahan,10,Computer,Class Test,2025-01-15,63,73%,Medium,8,B
267,Tanvir Alam,10,Physics,Class Test,2025-01-04,74,72%,Medium,6,B+
460,Ayesha Rahman,10,Physics,Final Exam,2025-03-12,62,62%,Medium,5,B
975,Ayesha Rahman,10,Bangla,Mid Exam,2025-03-13,62,78%,Medium,10,B
937,Mehedi Hasan,10,Biology,Final Exam,2025-01-31,74,60%,Medium,6,B+
652,Tanvir Alam,10,Biology,Class Test,2025-03-15,62,94%,High,9,B
176,Tania Jahan,10,Math,Class Test,2025-03-02,49,72%,Medium,7,D
859,Sifat Ahmed,10,English,Mid Exam,2025-02-14,53,75%,Medium,5,C
587,Mehedi Hasan,10,Physics,Class Test,2025-02-24,73,68%,Medium,9,B+
663,Sifat Ahmed,10,Physics,Final Exam,2025-01-15,41,62%,High,10,D
482,Mehedi Hasan,10,English,Mid Exam,2025-01-08,87,67%,High,6,A
685,Mehedi Hasan,10,Computer,Class Test,2025-03-28,83,95%,High,6,A
872,Mehedi Hasan,10,Computer,Mid Exam,2025-02-11,73,66%,Low,10,B+
633,Sakib Khan,10,Math,Class Test,2025-01-19,87,65%,Medium,9,A
149,Tania Jahan,10,Physics,Class Test,2025-02-18,76,68%,Medium,6,B+
776,Nusrat Hossain,10,Bangla,Class Test,2025-02-03,66,80%,Medium,5,B
777,Sakib Khan,10,Biology,Final Exam,2025-03-13,59,71%,Medium,9,C
350,Mehedi Hasan,10,Physics,Mid Exam,2025-02-24,95,90%,Medium,10,A+
290,Sifat Ahmed,10,Bangla,Mid Exam,2025-03-18,50,83%,Medium,5,C
789,Ayesha Rahman,10,Math,Final Exam,2025-03-28,49,97%,Medium,5,D
238,Sifat Ahmed,10,English,Class Test,2025-03-27,46,85%,Medium,9,D
484,Mim Akter,10,Bangla,Class Test,2025-01-30,80,98%,High,5,A
992,Mim Akter,10,Biology,Class Test,2025-02-12,92,74%,Low,9,A+
735,Nusrat Hossain,10,Computer,Class Test,2025-03-04,82,78%,Low,8,A
664,Ayesha Rahman,10,Math,Mid Exam,2025-01-02,76,60%,Low,8,B+
314,Tania Jahan,10,Physics,Final Exam,2025-01-28,68,86%,Low,6,B
989,Tania Jahan,10,English,Mid Exam,2025-03-21,91,86%,Medium,6,A+
172,Tanvir Alam,10,Computer,Final Exam,2025-03-05,56,94%,High,9,C
869,Ayesha Rahman,10,Physics,Final Exam,2025-01-01,87,83%,Medium,6,A
316,Ayesha Rahman,10,Biology,Mid Exam,2025-03-09,54,77%,High,5,C
150,Sifat Ahmed,10,Computer,Final Exam,2025-03-15,95,63%,High,8,A+
644,Mim Akter,10,Biology,Mid Exam,2025-01-26,99,78%,High,8,A+
846,Sifat Ahmed,10,Biology,Final Exam,2025-02-03,85,63%,Medium,5,A
409,Mim Akter,10,Math,Mid Exam,2025-01-14,88,79%,Medium,9,A
827,Sakib Khan,10,Bangla,Final Exam,2025-03-07,74,81%,Medium,5,B+
169,Nusrat Hossain,10,Bangla,Mid Exam,2025-02-27,64,77%,Medium,8,B
373,Mehedi Hasan,10,Biology,Final Exam,2025-03-13,47,92%,Medium,6,D
589,Mim Akter,10,Biology,Class Test,2025-01-15,93,89%,Low,10,A+
582,Mehedi Hasan,10,Computer,Final Exam,2025-03-03,79,65%,Medium,7,B+
806,Tanvir Alam,10,Bangla,Mid Exam,2025-03-09,80,76%,Medium,6,A
494,Sifat Ahmed,10,Bangla,Mid Exam,2025-01-21,59,74%,Medium,8,C
646,Tania Jahan,10,Biology,Final Exam,2025-02-08,52,86%,Low,9,C
626,Sakib Khan,10,Computer,Class Test,2025-03-20,56,78%,Medium,7,C
966,Tania Jahan,10,Bangla,Class Test,2025-03-16,68,86%,High,8,B
301,Tanvir Alam,10,Physics,Final Exam,2025-01-19,49,68%,Low,6,D
460,Mim Akter,10,Physics,Mid Exam,2025-03-03,84,63%,High,10,A
951,Ayesha Rahman,10,Computer,Mid Exam,2025-01-07,41,84%,High,8,D
389,Sakib Khan,10,English,Mid Exam,2025-01-04,94,79%,High,6,A+
853,Sifat Ahmed,10,Biology,Class Test,2025-01-23,89,88%,High,10,A
617,Sifat Ahmed,10,Biology,Class Test,2025-03-27,93,99%,High,5,A+
201,Tanvir Alam,10,Biology,Class Test,2025-03-05,71,91%,Low,5,B+
298,Tania Jahan,10,Bangla,Final Exam,2025-02-28,72,69%,Medium,8,B+
341,Sakib Khan,10,Biology,Final Exam,2025-02-22,99,60%,Medium,7,A+
787,Mim Akter,10,Math,Mid Exam,2025-01-08,91,87%,High,5,A+
794,Mehedi Hasan,10,Computer,Class Test,2025-01-11,95,79%,Low,8,A+
987,Tania Jahan,10,Math,Mid Exam,2025-01-04,73,100%,Medium,10,B+
228,Mim Akter,10,Physics,Final Exam,2025-02-27,99,70%,Medium,10,A+
665,Tania Jahan,10,English,Mid Exam,2025-02-17,69,88%,High,9,B
898,Mehedi Hasan,10,Math,Final Exam,2025-03-29,75,100%,Medium,5,B+
610,Mim Akter,10,Biology,Mid Exam,2025-01-05,77,98%,Low,8,B+
823,Ayesha Rahman,10,English,Final Exam,2025-03-11,90,97%,High,5,A+
734,Sakib Khan,10,Physics,Final Exam,2025-01-09,73,88%,Medium,9,B+
348,Mim Akter,10,Math,Class Test,2025-02-15,78,84%,Medium,10,B+
938,Nusrat Hossain,10,Physics,Mid Exam,2025-01-01,87,92%,High,6,A
824,Tania Jahan,10,Biology,Mid Exam,2025-01-30,93,65%,High,10,A+
114,Sakib Khan,10,Physics,Mid Exam,2025-03-16,86,90%,Medium,7,A
982,Tania Jahan,10,Physics,Mid Exam,2025-01-25,68,98%,Medium,9,B
707,Mim Akter,10,Physics,Mid Exam,2025-02-21,53,97%,Low,5,C
756,Sakib Khan,10,Physics,Mid Exam,2025-01-30,61,65%,Medium,10,B
420,Nusrat Hossain,10,Math,Mid Exam,2025-02-17,57,95%,Medium,7,C
998,Tania Jahan,10,Computer,Class Test,2025-01-24,62,90%,Low,6,B
439,Sakib Khan,10,Biology,Class Test,2025-01-05,57,64%,Medium,8,C
987,Sakib Khan,10,Bangla,Final Exam,2025-01-15,57,100%,Low,10,C
153,Sifat Ahmed,10,Biology,Class Test,2025-01-28,98,97%,High,7,A+
589,Tanvir Alam,10,Math,Mid Exam,2025-02-24,84,100%,Medium,9,A
286,Tanvir Alam,10,Physics,Mid Exam,2025-02-18,76,61%,High,8,B+
342,Ayesha Rahman,10,Biology,Class Test,2025-03-16,81,91%,Medium,5,A
719,Sakib Khan,10,English,Class Test,2025-02-01,54,80%,High,6,C
605,Ayesha Rahman,10,Math,Mid Exam,2025-03-22,79,64%,Low,10,B+
770,Mim Akter,10,English,Class Test,2025-02-03,48,69%,Medium,5,D
964,Tanvir Alam,10,Bangla,Class Test,2025-03-19,59,68%,Medium,6,C
569,Sakib Khan,10,Math,Class Test,2025-02-20,100,83%,Medium,10,A+
507,Tanvir Alam,10,Bangla,Final Exam,2025-01-06,96,86%,Medium,9,A+
741,Sifat Ahmed,10,Biology,Class Test,2025-01-28,90,98%,Medium,7,A+
413,Ayesha Rahman,10,Bangla,Mid Exam,2025-02-03,55,100%,Low,7,C
515,Ayesha Rahman,10,Physics,Mid Exam,2025-01-28,59,91%,Medium,5,C
880,Mim Akter,10,Math,Class Test,2025-03-27,82,81%,High,7,A
791,Sifat Ahmed,10,English,Final Exam,2025-01-20,54,85%,Low,10,C
799,Tanvir Alam,10,Bangla,Class Test,2025-02-01,97,89%,Low,5,A+
114,Sakib Khan,10,Biology,Final Exam,2025-03-26,95,84%,Low,9,A+
534,Sifat Ahmed,10,Physics,Class Test,2025-01-07,100,75%,Low,8,A+
304,Tanvir Alam,10,English,Mid Exam,2025-03-03,72,66%,Low,7,B+
324,Mehedi Hasan,10,Bangla,Class Test,2025-02-23,41,93%,Medium,7,D
953,Tanvir Alam,10,Math,Final Exam,2025-02-27,54,72%,Low,10,C
167,Nusrat Hossain,10,Computer,Mid Exam,2025-03-07,47,63%,Medium,9,D
398,Tania Jahan,10,Physics,Final Exam,2025-03-04,100,91%,Medium,8,A+
121,Mim Akter,10,Math,Mid Exam,2025-03-20,61,80%,Low,7,B
641,Tania Jahan,10,Physics,Final Exam,2025-01-06,48,62%,Medium,10,D
484,Ayesha Rahman,10,Math,Mid Exam,2025-03-22,81,65%,Medium,5,A
283,Mehedi Hasan,10,English,Class Test,2025-01-15,90,73%,High,7,A+
831,Tania Jahan,10,Biology,Mid Exam,2025-01-19,46,89%,Medium,5,D
548,Mim Akter,10,Biology,Class Test,2025-03-04,84,69%,High,5,A
327,Tania Jahan,10,Biology,Mid Exam,2025-03-25,91,91%,Low,5,A+
811,Sakib Khan,10,Computer,Class Test,2025-03-24,51,73%,High,10,C
313,Sifat Ahmed,10,Computer,Mid Exam,2025-01-27,54,88%,Medium,8,C
836,Nusrat Hossain,10,Biology,Mid Exam,2025-03-19,99,77%,Low,9,A+
694,Ayesha Rahman,10,Biology,Final Exam,2025-01-12,71,99%,Low,8,B+
641,Sakib Khan,10,Physics,Class Test,2025-02-01,95,98%,High,9,A+
547,Sakib Khan,10,Physics,Mid Exam,2025-03-20,66,97%,High,10,B
143,Mim Akter,10,Computer,Class Test,2025-01-03,51,75%,Low,7,C
455,Mim Akter,10,Physics,Mid Exam,2025-01-22,72,62%,Low,6,B+
845,Tanvir Alam,10,English,Final Exam,2025-03-06,56,92%,Medium,5,C
651,Mim Akter,10,English,Final Exam,2025-02-16,74,92%,High,7,B+
528,Nusrat Hossain,10,Biology,Class Test,2025-03-11,56,82%,Low,10,C
320,Mim Akter,10,English,Final Exam,2025-01-12,93,84%,Medium,6,A+
372,Nusrat Hossain,10,Math,Mid Exam,2025-01-23,96,88%,Low,9,A+
420,Sifat Ahmed,10,Physics,Class Test,2025-01-08,49,86%,High,6,D
377,Mim Akter,10,Biology,Mid Exam,2025-03-15,88,78%,High,5,A
943,Tania Jahan,10,English,Mid Exam,2025-02-25,58,88%,High,6,C
501,Tanvir Alam,10,Computer,Mid Exam,2025-03-05,66,95%,Medium,9,B
981,Ayesha Rahman,10,Math,Class Test,2025-03-19,51,67%,High,7,C
168,Tania Jahan,10,Physics,Class Test,2025-02-14,74,87%,Medium,6,B+
643,Ayesha Rahman,10,Bangla,Final Exam,2025-02-01,42,75%,Medium,5,D
315,Sakib Khan,10,English,Mid Exam,2025-02-20,98,72%,Low,7,A+
235,Sifat Ahmed,10,Physics,Class Test,2025-01-05,58,83%,High,8,C
747,Sifat Ahmed,10,Math,Class Test,2025-02-04,83,80%,Medium,9,A
680,Sakib Khan,10,Computer,Final Exam,2025-03-16,41,76%,Medium,8,D
170,Mehedi Hasan,10,Bangla,Mid Exam,2025-02-08,81,60%,Medium,10,A
219,Ayesha Rahman,10,Math,Class Test,2025-02-12,45,75%,High,8,D
999,Ayesha Rahman,10,Physics,Final Exam,2025-02-05,71,72%,High,10,B+
559,Ayesha Rahman,10,Computer,Class Test,2025-02-21,96,68%,High,9,A+
560,Mehedi Hasan,10,Biology,Final Exam,2025-03-30,85,74%,High,10,A
199,Sifat Ahmed,10,Bangla,Final Exam,2025-02-09,76,81%,Low,8,B+
936,Sifat Ahmed,10,Physics,Final Exam,2025-03-02,70,94%,Medium,7,B+
861,Nusrat Hossain,10,Biology,Mid Exam,2025-02-27,74,83%,Low,10,B+
403,Mehedi Hasan,10,Physics,Mid Exam,2025-02-19,55,69%,Low,5,C
104,Nusrat Hossain,10,English,Mid Exam,2025-01-10,68,71%,Low,8,B
156,Tania Jahan,10,Physics,Final Exam,2025-01-24,81,92%,Medium,10,A
477,Ayesha Rahman,10,Physics,Mid Exam,2025-02-02,85,98%,Medium,8,A
975,Ayesha Rahman,10,Computer,Mid Exam,2025-03-29,56,66%,High,10,C
389,Sifat Ahmed,10,Math,Mid Exam,2025-01-05,94,70%,High,8,A+
883,Mim Akter,10,English,Final Exam,2025-01-10,65,90%,Medium,8,B
321,Ayesha Rahman,10,English,Class Test,2025-03-29,69,86%,Low,6,B
890,Tania Jahan,10,Biology,Class Test,2025-01-03,71,65%,Low,6,B+
149,Ayesha Rahman,10,English,Class Test,2025-03-05,62,63%,Low,6,B
129,Ayesha Rahman,10,Computer,Class Test,2025-02-04,78,62%,Low,5,B+
240,Tania Jahan,10,Computer,Class Test,2025-02-01,61,91%,Low,5,B
891,Sifat Ahmed,10,Computer,Class Test,2025-03-05,87,86%,High,6,A
301,Tanvir Alam,10,English,Mid Exam,2025-01-15,43,75%,Medium,6,D
951,Sakib Khan,10,English,Final Exam,2025-01-17,40,61%,Medium,6,D
204,Sakib Khan,10,Bangla,Mid Exam,2025-02-13,71,77%,High,8,B+
694,Nusrat Hossain,10,English,Final Exam,2025-01-01,49,72%,High,5,D
191,Sakib Khan,10,Bangla,Class Test,2025-01-25,44,78%,Low,9,D
960,Sifat Ahmed,10,Computer,Mid Exam,2025-03-02,74,87%,Low,7,B+
837,Tania Jahan,10,Math,Mid Exam,2025-02-19,93,66%,High,10,A+
513,Tanvir Alam,10,English,Final Exam,2025-02-09,91,70%,Medium,7,A+
826,Tania Jahan,10,Biology,Final Exam,2025-01-05,69,75%,Medium,9,B
935,Tania Jahan,10,Computer,Class Test,2025-01-20,70,79%,Medium,7,B+
443,Tanvir Alam,10,Biology,Mid Exam,2025-02-13,96,82%,Low,5,A+
270,Mim Akter,10,Bangla,Final Exam,2025-02-27,81,93%,Medium,9,A
788,Mim Akter,10,Math,Mid Exam,2025-03-24,78,98%,High,10,B+
311,Mim Akter,10,Biology,Mid Exam,2025-01-02,73,84%,High,7,B+
528,Mehedi Hasan,10,Biology,Final Exam,2025-03-17,65,87%,Medium,8,B
719,Ayesha Rahman,10,Bangla,Final Exam,2025-02-10,97,100%,Low,7,A+
404,Ayesha Rahman,10,Bangla,Class Test,2025-02-19,86,100%,High,7,A
188,Mim Akter,10,Computer,Class Test,2025-01-04,67,81%,Low,5,B
529,Nusrat Hossain,10,English,Class Test,2025-03-20,96,76%,High,10,A+
128,Nusrat Hossain,10,Physics,Mid Exam,2025-01-01,67,98%,Low,6,B
189,Tanvir Alam,10,Computer,Mid Exam,2025-03-23,77,71%,High,6,B+
442,Mehedi Hasan,10,Math,Mid Exam,2025-01-05,66,63%,High,6,B
427,Sakib Khan,10,English,Class Test,2025-01-05,75,75%,Low,7,B+
126,Mehedi Hasan,10,Bangla,Class Test,2025-03-20,94,76%,High,5,A+
834,Sakib Khan,10,Computer,Final Exam,2025-02-18,86,61%,Medium,5,A
210,Mehedi Hasan,10,English,Mid Exam,2025-03-23,72,87%,Low,9,B+
562,Tania Jahan,10,Computer,Mid Exam,2025-03-06,41,83%,High,5,D
131,Sakib Khan,10,Bangla,Mid Exam,2025-01-25,94,83%,Low,9,A+
569,Ayesha Rahman,10,Computer,Mid Exam,2025-02-25,62,92%,High,8,B
974,Tanvir Alam,10,Math,Final Exam,2025-03-22,56,89%,Low,6,C
822,Tanvir Alam,10,English,Class Test,2025-02-17,43,83%,High,6,D
734,Mehedi Hasan,10,Math,Final Exam,2025-02-28,52,67%,Medium,6,C
410,Ayesha Rahman,10,English,Class Test,2025-01-10,80,79%,High,10,A
891,Nusrat Hossain,10,Bangla,Mid Exam,2025-02-04,64,74%,Medium,10,B
624,Sakib Khan,10,Biology,Class Test,2025-03-03,93,91%,Low,8,A+
157,Ayesha Rahman,10,Biology,Mid Exam,2025-03-11,91,97%,Low,7,A+
265,Nusrat Hossain,10,Biology,Class Test,2025-02-24,66,68%,Medium,7,B
285,Nusrat Hossain,10,Math,Mid Exam,2025-03-11,49,87%,Low,5,D
170,Mehedi Hasan,10,Physics,Mid Exam,2025-01-06,56,70%,Low,7,C
389,Tania Jahan,10,Bangla,Class Test,2025-01-07,50,85%,Medium,6,C
574,Sakib Khan,10,English,Class Test,2025-03-30,41,82%,Medium,7,D
699,Sakib Khan,10,Biology,Final Exam,2025-03-02,98,62%,Medium,7,A+
269,Tania Jahan,10,Math,Class Test,2025-03-21,87,64%,Low,7,A
354,Mim Akter,10,Biology,Mid Exam,2025-01-03,79,61%,Low,6,B+
120,Mehedi Hasan,10,Biology,Mid Exam,2025-01-12,89,75%,Low,8,A
899,Mim Akter,10,Biology,Mid Exam,2025-01-30,88,69%,High,9,A
672,Tania Jahan,10,Bangla,Class Test,2025-03-03,88,76%,Medium,7,A
247,Tania Jahan,10,Bangla,Class Test,2025-02-04,76,95%,Low,5,B+
423,Mim Akter,10,Computer,Mid Exam,2025-03-06,44,66%,Medium,7,D
717,Tanvir Alam,10,English,Final Exam,2025-02-19,56,95%,Medium,9,C
643,Nusrat Hossain,10,Bangla,Class Test,2025-02-27,51,95%,Medium,9,C
109,Nusrat Hossain,10,English,Mid Exam,2025-01-15,53,76%,Low,5,C
658,Tanvir Alam,10,Physics,Class Test,2025-01-11,49,97%,Medium,8,D
299,Mim Akter,10,Biology,Class Test,2025-02-17,96,91%,Medium,5,A+
237,Sakib Khan,10,Computer,Class Test,2025-03-14,95,90%,High,10,A+
727,Tania Jahan,10,Bangla,Final Exam,2025-01-19,52,72%,Medium,9,C
444,Sifat Ahmed,10,Physics,Final Exam,2025-01-02,73,70%,Medium,7,B+
633,Mim Akter,10,Math,Class Test,2025-01-27,100,73%,High,8,A+
982,Sifat Ahmed,10,Bangla,Class Test,2025-03-26,88,62%,Low,5,A
668,Mim Akter,10,Bangla,Class Test,2025-03-01,73,66%,Low,7,B+
955,Sifat Ahmed,10,Bangla,Final Exam,2025-01-18,64,92%,Low,7,B
921,Nusrat Hossain,10,Math,Class Test,2025-03-08,86,65%,Low,8,A
814,Mim Akter,10,Computer,Final Exam,2025-03-26,67,92%,High,5,B
344,Tania Jahan,10,Bangla,Class Test,2025-03-16,90,95%,Low,8,A+
472,Tania Jahan,10,Bangla,Class Test,2025-01-27,79,90%,High,8,B+
808,Mehedi Hasan,10,Computer,Mid Exam,2025-02-15,55,60%,Medium,8,C
631,Ayesha Rahman,10,Computer,Class Test,2025-03-08,52,85%,Medium,10,C
790,Sifat Ahmed,10,Computer,Mid Exam,2025-03-13,48,61%,Medium,7,D
706,Tania Jahan,10,English,Final Exam,2025-02-01,52,88%,Medium,5,C
372,Nusrat Hossain,10,Math,Mid Exam,2025-02-20,74,73%,Medium,10,B+
511,Tanvir Alam,10,Math,Class Test,2025-02-25,86,73%,Medium,6,A
625,Tania Jahan,10,English,Mid Exam,2025-03-03,61,81%,Low,10,B
575,Tanvir Alam,10,Math,Class Test,2025-02-17,92,77%,Low,5,A+
531,Sifat Ahmed,10,Bangla,Mid Exam,2025-01-29,97,93%,Low,8,A+
266,Ayesha Rahman,10,English,Final Exam,2025-01-04,92,88%,Medium,10,A+
631,Nusrat Hossain,10,Math,Final Exam,2025-01-01,96,71%,Low,5,A+
252,Mehedi Hasan,10,Computer,Class Test,2025-02-10,55,78%,Medium,7,C
448,Sakib Khan,10,English,Final Exam,2025-02-10,53,71%,High,9,C
594,Ayesha Rahman,10,Physics,Final Exam,2025-01-15,50,66%,High,8,C
849,Ayesha Rahman,10,English,Mid Exam,2025-03-25,63,96%,High,5,B
219,Tania Jahan,10,Physics,Mid Exam,2025-01-18,52,85%,Low,8,C
317,Mehedi Hasan,10,Physics,Mid Exam,2025-01-21,58,72%,Medium,8,C
213,Ayesha Rahman,10,Computer,Class Test,2025-03-15,99,84%,Medium,8,A+
325,Tania Jahan,10,Physics,Class Test,2025-01-08,83,88%,Medium,8,A
634,Tania Jahan,10,Bangla,Class Test,2025-03-09,60,76%,Medium,5,B
286,Mim Akter,10,Biology,Final Exam,2025-03-07,91,77%,Medium,8,A+
843,Tania Jahan,10,Math,Final Exam,2025-03-15,95,98%,Low,9,A+
559,Nusrat Hossain,10,Biology,Class Test,2025-02-07,43,60%,Low,5,D
132,Tania Jahan,10,English,Mid Exam,2025-01-13,74,86%,High,6,B+
739,Mehedi Hasan,10,Physics,Mid Exam,2025-03-16,63,92%,High,6,B
951,Tanvir Alam,10,Math,Final Exam,2025-02-23,85,90%,Medium,7,A
793,Tanvir Alam,10,Computer,Class Test,2025-03-18,95,61%,Medium,7,A+
899,Tanvir Alam,10,Computer,Mid Exam,2025-02-13,79,80%,High,8,B+
185,Mim Akter,10,Bangla,Class Test,2025-01-09,53,73%,Medium,7,C
603,Mehedi Hasan,10,English,Mid Exam,2025-03-28,58,63%,Medium,10,C
713,Mehedi Hasan,10,English,Mid Exam,2025-01-05,97,82%,Low,8,A+
353,Ayesha Rahman,10,Computer,Final Exam,2025-03-10,81,61%,Medium,8,A
857,Mim Akter,10,Math,Class Test,2025-03-06,71,85%,Medium,10,B+
408,Tania Jahan,10,Physics,Final Exam,2025-03-24,44,82%,Low,10,D
987,Tanvir Alam,10,English,Final Exam,2025-01-22,73,68%,Medium,5,B+
952,Sifat Ahmed,10,English,Final Exam,2025-03-19,51,64%,High,8,C
362,Mim Akter,10,Computer,Mid Exam,2025-01-27,47,92%,Low,9,D
269,Tanvir Alam,10,Biology,Mid Exam,2025-03-01,64,63%,Low,5,B
228,Ayesha Rahman,10,Math,Final Exam,2025-03-10,43,83%,Low,8,D
701,Ayesha Rahman,10,Biology,Class Test,2025-03-25,80,82%,Low,8,A
524,Tania Jahan,10,Bangla,Final Exam,2025-02-22,96,65%,High,10,A+
341,Ayesha Rahman,10,Computer,Final Exam,2025-02-25,99,84%,Medium,6,A+
148,Ayesha Rahman,10,Physics,Class Test,2025-02-12,87,69%,Low,7,A
578,Nusrat Hossain,10,Physics,Final Exam,2025-02-23,80,81%,Medium,7,A
886,Tania Jahan,10,English,Mid Exam,2025-02-15,84,60%,Low,9,A
135,Nusrat Hossain,10,Physics,Final Exam,2025-02-08,95,81%,Medium,6,A+
880,Ayesha Rahman,10,Physics,Class Test,2025-03-19,49,60%,Low,9,D
143,Tania Jahan,10,Bangla,Class Test,2025-01-09,53,97%,High,9,C
397,Ayesha Rahman,10,Physics,Final Exam,2025-03-27,65,67%,Low,5,B
248,Tania Jahan,10,Math,Class Test,2025-02-20,61,69%,Medium,8,B
676,Mehedi Hasan,10,Computer,Mid Exam,2025-03-01,63,73%,High,7,B
385,Nusrat Hossain,10,Biology,Class Test,2025-02-05,88,74%,Low,10,A
390,Mim Akter,10,English,Class Test,2025-03-20,98,95%,Medium,6,A+
776,Sifat Ahmed,10,Math,Class Test,2025-02-17,91,88%,Low,5,A+
149,Tanvir Alam,10,English,Class Test,2025-01-19,68,64%,Low,5,B
312,Nusrat Hossain,10,Computer,Final Exam,2025-01-02,76,73%,High,8,B+
814,Mim Akter,10,Computer,Class Test,2025-01-22,95,88%,Low,5,A+
545,Mehedi Hasan,10,Biology,Mid Exam,2025-01-13,81,91%,High,8,A
550,Tanvir Alam,10,Computer,Class Test,2025-02-14,99,86%,Low,8,A+
768,Tanvir Alam,10,Math,Mid Exam,2025-01-06,73,71%,Low,7,B+
204,Mim Akter,10,Computer,Class Test,2025-03-10,57,70%,High,10,C
758,Mehedi Hasan,10,Physics,Final Exam,2025-01-04,99,86%,Low,8,A+
413,Tanvir Alam,10,Bangla,Class Test,2025-01-09,92,60%,Medium,8,A+
232,Nusrat Hossain,10,Bangla,Class Test,2025-03-15,41,61%,Low,10,D
122,Ayesha Rahman,10,Bangla,Class Test,2025-03-09,73,82%,High,9,B+
811,Sifat Ahmed,10,Physics,Mid Exam,2025-02-27,93,91%,Medium,7,A+
706,Mim Akter,10,Computer,Final Exam,2025-03-30,93,72%,Medium,6,A+
833,Sifat Ahmed,10,Biology,Mid Exam,2025-03-04,48,73%,High,10,D
969,Tanvir Alam,10,Math,Final Exam,2025-02-19,48,70%,Low,9,D
149,Tania Jahan,10,Computer,Mid Exam,2025-01-17,44,60%,High,8,D
617,Tanvir Alam,10,Biology,Class Test,2025-01-13,83,100%,Medium,9,A
637,Mehedi Hasan,10,Physics,Mid Exam,2025-02-22,91,91%,High,8,A+
518,Sifat Ahmed,10,Biology,Class Test,2025-02-19,62,92%,Low,7,B
358,Sakib Khan,10,Math,Class Test,2025-01-07,68,87%,Low,9,B
264,Sifat Ahmed,10,Math,Final Exam,2025-01-31,89,94%,Medium,9,A
502,Ayesha Rahman,10,Bangla,Mid Exam,2025-01-25,45,84%,High,5,D
498,Tania Jahan,10,Math,Class Test,2025-01-26,46,94%,High,6,D
621,Tania Jahan,10,Bangla,Mid Exam,2025-02-14,90,60%,Medium,9,A+
191,Mim Akter,10,Bangla,Class Test,2025-01-29,78,87%,High,10,B+
461,Tanvir Alam,10,Bangla,Final Exam,2025-02-23,100,85%,Low,5,A+
715,Mim Akter,10,Biology,Mid Exam,2025-03-20,82,75%,Medium,9,A
513,Tania Jahan,10,Math,Mid Exam,2025-03-27,40,61%,High,9,D
481,Mehedi Hasan,10,English,Mid Exam,2025-01-21,94,84%,Low,9,A+
367,Mehedi Hasan,10,Bangla,Class Test,2025-03-14,93,94%,High,6,A+
249,Ayesha Rahman,10,Bangla,Final Exam,2025-01-25,53,88%,Low,8,C
540,Nusrat Hossain,10,Physics,Class Test,2025-03-12,91,69%,Medium,7,A+
611,Sifat Ahmed,10,Physics,Class Test,2025-01-21,86,65%,High,8,A
191,Sakib Khan,10,Bangla,Mid Exam,2025-03-18,44,95%,Low,7,D
931,Mim Akter,10,Computer,Mid Exam,2025-01-06,63,95%,High,6,B
586,Ayesha Rahman,10,Physics,Final Exam,2025-03-31,58,67%,Medium,8,C
970,Ayesha Rahman,10,Bangla,Final Exam,2025-02-22,48,97%,Low,6,D
606,Sakib Khan,10,Math,Mid Exam,2025-02-17,61,80%,High,7,B
814,Sakib Khan,10,Computer,Mid Exam,2025-01-17,91,76%,High,9,A+
548,Sakib Khan,10,Biology,Mid Exam,2025-02-28,98,77%,Medium,10,A+
433,Tanvir Alam,10,English,Mid Exam,2025-02-23,45,79%,High,9,D
136,Nusrat Hossain,10,Computer,Mid Exam,2025-01-20,56,72%,Medium,9,C
651,Sakib Khan,10,Computer,Class Test,2025-03-09,77,70%,Medium,5,B+
687,Sakib Khan,10,English,Mid Exam,2025-03-31,72,89%,High,8,B+
625,Tania Jahan,10,Biology,Mid Exam,2025-01-21,50,95%,Low,9,C
445,Tanvir Alam,10,Computer,Mid Exam,2025-03-27,91,83%,Medium,5,A+
557,Mim Akter,10,Physics,Mid Exam,2025-02-08,81,92%,High,6,A
286,Mim Akter,10,English,Class Test,2025-03-25,98,82%,High,9,A+
791,Ayesha Rahman,10,Biology,Mid Exam,2025-02-09,54,65%,Medium,5,C
487,Mehedi Hasan,10,Biology,Class Test,2025-03-23,77,94%,High,6,B+
369,Mim Akter,10,Bangla,Final Exam,2025-02-14,76,94%,High,5,B+
220,Tanvir Alam,10,Bangla,Class Test,2025-02-20,70,96%,Low,10,B+
914,Tanvir Alam,10,Physics,Final Exam,2025-03-19,92,90%,High,8,A+
572,Sakib Khan,10,Biology,Class Test,2025-03-24,92,99%,Low,10,A+
109,Sakib Khan,10,Math,Mid Exam,2025-02-26,65,68%,High,8,B
615,Nusrat Hossain,10,Bangla,Final Exam,2025-02-26,83,66%,High,10,A
126,Tanvir Alam,10,English,Mid Exam,2025-03-25,59,87%,High,6,C
184,Mehedi Hasan,10,English,Final Exam,2025-02-05,84,78%,Low,5,A
652,Mehedi Hasan,10,Computer,Class Test,2025-02-11,47,86%,Low,8,D
822,Nusrat Hossain,10,Math,Class Test,2025-02-04,80,65%,Medium,5,A
902,Mehedi Hasan,10,Computer,Class Test,2025-02-28,40,82%,Medium,10,D
891,Sakib Khan,10,Bangla,Mid Exam,2025-01-29,94,87%,Low,9,A+
135,Sakib Khan,10,Math,Final Exam,2025-02-03,70,60%,Medium,8,B+
393,Tania Jahan,10,Bangla,Mid Exam,2025-02-12,91,98%,High,5,A+
856,Sifat Ahmed,10,Bangla,Final Exam,2025-01-30,83,78%,Low,9,A
177,Sifat Ahmed,10,Computer,Class Test,2025-03-06,84,80%,Medium,8,A
482,Mehedi Hasan,10,Computer,Mid Exam,2025-02-15,81,82%,Low,10,A
159,Nusrat Hossain,10,Bangla,Mid Exam,2025-03-08,93,70%,Low,9,A+
726,Tanvir Alam,10,Computer,Class Test,2025-03-17,85,61%,Medium,8,A
340,Ayesha Rahman,10,Bangla,Mid Exam,2025-02-04,65,97%,Medium,8,B
753,Sifat Ahmed,10,Computer,Class Test,2025-01-22,89,90%,Low,7,A
591,Nusrat Hossain,10,Math,Mid Exam,2025-01-25,90,84%,Medium,6,A+
695,Nusrat Hossain,10,Bangla,Class Test,2025-03-13,69,87%,Medium,10,B
665,Mehedi Hasan,10,Physics,Mid Exam,2025-02-22,71,98%,High,5,B+
181,Tania Jahan,10,Biology,Class Test,2025-03-08,44,95%,Low,9,D
529,Sifat Ahmed,10,Math,Class Test,2025-01-25,44,84%,Medium,5,D
854,Nusrat Hossain,10,English,Mid Exam,2025-02-07,55,90%,High,9,C
255,Ayesha Rahman,10,English,Mid Exam,2025-01-20,88,83%,High,5,A
705,Tanvir Alam,10,Biology,Final Exam,2025-02-09,67,60%,High,9,B
848,Tanvir Alam,10,Math,Final Exam,2025-03-16,91,100%,Medium,8,A+
804,Nusrat Hossain,10,English,Mid Exam,2025-01-11,58,82%,Medium,10,C
963,Ayesha Rahman,10,Computer,Final Exam,2025-02-09,64,80%,Medium,5,B
877,Tania Jahan,10,Biology,Mid Exam,2025-01-17,99,79%,Medium,9,A+
913,Mehedi Hasan,10,Computer,Mid Exam,2025-03-17,51,80%,High,9,C
318,Nusrat Hossain,10,Math,Class Test,2025-01-23,73,96%,Medium,6,B+
499,Sifat Ahmed,10,Math,Class Test,2025-03-02,85,79%,Low,9,A
898,Ayesha Rahman,10,English,Class Test,2025-01-22,40,60%,Medium,6,D
729,Mim Akter,10,Math,Class Test,2025-01-30,75,76%,Medium,9,B+
392,Tania Jahan,10,Math,Class Test,2025-02-10,65,77%,High,7,B
976,Nusrat Hossain,10,English,Class Test,2025-01-28,76,82%,Medium,8,B+
572,Nusrat Hossain,10,Bangla,Class Test,2025-01-31,94,60%,Medium,6,A+
752,Tania Jahan,10,Bangla,Mid Exam,2025-03-25,60,80%,Low,10,B
540,Tanvir Alam,10,Biology,Class Test,2025-01-28,85,92%,Low,9,A
412,Mehedi Hasan,10,English,Final Exam,2025-02-11,70,90%,Low,10,B+
392,Sakib Khan,10,Computer,Mid Exam,2025-02-25,40,98%,Medium,7,D
647,Tanvir Alam,10,Physics,Mid Exam,2025-02-26,52,99%,High,7,C
847,Mehedi Hasan,10,Computer,Class Test,2025-02-11,72,85%,Low,6,B+
637,Mehedi Hasan,10,Math,Mid Exam,2025-02-04,44,61%,High,10,D
726,Nusrat Hossain,10,Biology,Mid Exam,2025-02-16,96,78%,High,5,A+
538,Sifat Ahmed,10,Math,Final Exam,2025-03-15,76,71%,High,6,B+
421,Mim Akter,10,Physics,Mid Exam,2025-01-12,54,94%,Low,7,C
632,Mehedi Hasan,10,Computer,Class Test,2025-01-05,99,75%,High,8,A+
389,Tanvir Alam,10,Bangla,Class Test,2025-02-01,41,95%,High,8,D
295,Sifat Ahmed,10,Math,Class Test,2025-01-19,75,61%,High,5,B+
194,Sakib Khan,10,English,Class Test,2025-03-26,43,95%,High,5,D
994,Nusrat Hossain,10,Bangla,Mid Exam,2025-03-19,93,63%,Low,6,A+
893,Tania Jahan,10,Math,Final Exam,2025-01-18,75,61%,Low,7,B+
844,Mehedi Hasan,10,Bangla,Class Test,2025-01-28,55,85%,Low,10,C
641,Ayesha Rahman,10,Physics,Final Exam,2025-02-03,93,96%,Medium,7,A+
327,Mehedi Hasan,10,Biology,Final Exam,2025-02-14,79,65%,High,9,B+
118,Sifat Ahmed,10,Computer,Final Exam,2025-03-29,92,67%,High,10,A+
161,Tanvir Alam,10,Bangla,Mid Exam,2025-03-13,71,90%,Medium,8,B+
379,Sifat Ahmed,10,Math,Class Test,2025-01-01,83,65%,Low,10,A
855,Mim Akter,10,Physics,Final Exam,2025-01-18,55,98%,Medium,5,C
474,Nusrat Hossain,10,English,Mid Exam,2025-02-21,92,85%,High,5,A+
759,Sakib Khan,10,Biology,Mid Exam,2025-01-30,70,98%,Medium,5,B+
504,Tanvir Alam,10,Math,Class Test,2025-03-26,99,83%,High,5,A+
167,Sakib Khan,10,Bangla,Class Test,2025-03-01,96,90%,Low,10,A+
109,Sakib Khan,10,Biology,Mid Exam,2025-01-25,54,92%,Medium,8,C
732,Ayesha Rahman,10,English,Class Test,2025-03-04,51,87%,Low,5,C
894,Tania Jahan,10,Bangla,Mid Exam,2025-02-23,50,61%,Medium,5,C
702,Sifat Ahmed,10,Computer,Class Test,2025-01-16,41,87%,Medium,5,D
876,Mehedi Hasan,10,Math,Final Exam,2025-01-01,98,77%,Low,6,A+
762,Mim Akter,10,Math,Final Exam,2025-03-19,94,62%,Medium,7,A+
807,Ayesha Rahman,10,English,Final Exam,2025-03-14,87,65%,Medium,5,A
598,Ayesha Rahman,10,Math,Mid Exam,2025-03-05,52,85%,Medium,6,C
239,Sifat Ahmed,10,Computer,Mid Exam,2025-02-13,78,65%,Medium,6,B+
123,Sakib Khan,10,Physics,Class Test,2025-03-09,80,73%,High,10,A
447,Ayesha Rahman,10,English,Class Test,2025-02-14,100,83%,High,10,A+
570,Sakib Khan,10,Computer,Final Exam,2025-01-13,52,81%,Medium,8,C
746,Tania Jahan,10,Math,Class Test,2025-03-08,66,85%,High,10,B
401,Ayesha Rahman,10,Biology,Final Exam,2025-02-10,59,61%,Medium,5,C
614,Tanvir Alam,10,Bangla,Class Test,2025-03-25,72,60%,Low,9,B+
751,Tania Jahan,10,Bangla,Class Test,2025-03-21,61,66%,Medium,6,B
800,Mim Akter,10,Computer,Mid Exam,2025-02-01,63,74%,High,6,B
447,Ayesha Rahman,10,Physics,Final Exam,2025-02-11,78,61%,Medium,7,B+
886,Mim Akter,10,English,Mid Exam,2025-01-03,78,81%,High,6,B+
445,Mim Akter,10,Math,Final Exam,2025-01-08,88,95%,Medium,7,A
323,Mehedi Hasan,10,Physics,Class Test,2025-03-15,58,97%,Low,10,C
423,Nusrat Hossain,10,Bangla,Class Test,2025-02-24,75,88%,High,9,B+
295,Mim Akter,10,English,Mid Exam,2025-02-27,40,96%,High,6,D
947,Ayesha Rahman,10,Math,Mid Exam,2025-03-31,69,95%,Medium,5,B
556,Mim Akter,10,Math,Mid Exam,2025-02-16,49,82%,Low,7,D
565,Tanvir Alam,10,Math,Final Exam,2025-02-27,73,89%,Medium,6,B+
526,Tania Jahan,10,Biology,Mid Exam,2025-01-11,99,64%,Low,8,A+
946,Mim Akter,10,Physics,Mid Exam,2025-03-26,72,78%,High,9,B+
154,Sifat Ahmed,10,Computer,Class Test,2025-01-27,81,73%,Low,10,A
997,Mehedi Hasan,10,Math,Final Exam,2025-03-23,88,63%,High,8,A
739,Sifat Ahmed,10,Math,Class Test,2025-02-22,42,92%,Medium,8,D
923,Mehedi Hasan,10,Computer,Class Test,2025-01-04,88,68%,High,8,A
236,Mim Akter,10,Math,Final Exam,2025-01-16,64,75%,Medium,6,B
982,Nusrat Hossain,10,Physics,Class Test,2025-01-14,100,67%,Low,5,A+
397,Mehedi Hasan,10,Physics,Mid Exam,2025-02-21,79,66%,Low,10,B+
318,Nusrat Hossain,10,Math,Final Exam,2025-02-15,91,72%,Medium,6,A+
791,Mim Akter,10,Computer,Final Exam,2025-01-20,68,85%,Medium,9,B
969,Mim Akter,10,Biology,Final Exam,2025-02-26,61,88%,High,5,B
251,Mim Akter,10,English,Mid Exam,2025-02-09,58,72%,Medium,10,C
378,Mehedi Hasan,10,Math,Final Exam,2025-03-05,43,80%,High,7,D
321,Tanvir Alam,10,Computer,Final Exam,2025-03-28,48,85%,Low,5,D
718,Mehedi Hasan,10,Computer,Mid Exam,2025-01-14,77,100%,Medium,10,B+
557,Tanvir Alam,10,Biology,Final Exam,2025-03-17,50,98%,High,10,C
886,Mehedi Hasan,10,Biology,Class Test,2025-02-12,63,72%,Low,8,B
582,Sakib Khan,10,Computer,Final Exam,2025-02-27,77,66%,Low,5,B+
296,Tania Jahan,10,Math,Final Exam,2025-01-22,88,85%,Medium,8,A
959,Mim Akter,10,Computer,Final Exam,2025-01-22,71,75%,Medium,9,B+
449,Tania Jahan,10,Bangla,Class Test,2025-02-11,84,68%,Low,7,A
773,Tania Jahan,10,Biology,Final Exam,2025-01-15,74,91%,Medium,6,B+
196,Mim Akter,10,Computer,Final Exam,2025-03-08,48,64%,Medium,10,D
945,Mim Akter,10,Physics,Mid Exam,2025-01-03,72,65%,High,8,B+
251,Tania Jahan,10,Math,Mid Exam,2025-01-25,91,74%,High,6,A+
406,Mehedi Hasan,10,Biology,Final Exam,2025-01-10,86,88%,High,5,A
285,Sifat Ahmed,10,Biology,Mid Exam,2025-03-09,57,62%,Low,5,C
685,Tania Jahan,10,Math,Class Test,2025-02-07,54,62%,Medium,8,C
560,Mim Akter,10,Physics,Mid Exam,2025-02-04,82,74%,High,6,A
309,Tania Jahan,10,Math,Class Test,2025-01-08,55,61%,Medium,5,C
455,Mim Akter,10,Biology,Class Test,2025-03-03,97,71%,Medium,5,A+
772,Mim Akter,10,Biology,Final Exam,2025-02-22,68,94%,High,9,B
686,Tania Jahan,10,Computer,Class Test,2025-03-15,76,67%,High,9,B+
864,Sifat Ahmed,10,Bangla,Mid Exam,2025-02-05,78,85%,High,10,B+
407,Ayesha Rahman,10,Biology,Final Exam,2025-02-01,89,73%,High,10,A
949,Sakib Khan,10,Bangla,Class Test,2025-03-05,81,64%,High,7,A
661,Tanvir Alam,10,Math,Mid Exam,2025-03-30,100,91%,High,5,A+
505,Mehedi Hasan,10,Physics,Mid Exam,2025-03-20,53,97%,High,8,C
814,Mim Akter,10,Computer,Mid Exam,2025-03-17,69,73%,High,8,B
334,Sifat Ahmed,10,Physics,Class Test,2025-02-28,93,77%,High,8,A+
517,Sifat Ahmed,10,English,Class Test,2025-01-21,99,88%,Low,10,A+
799,Mim Akter,10,Physics,Final Exam,2025-03-20,61,60%,High,8,B
355,Mim Akter,10,Bangla,Class Test,2025-02-20,41,93%,Medium,8,D
756,Mehedi Hasan,10,Math,Class Test,2025-03-22,69,75%,Low,10,B
526,Nusrat Hossain,10,English,Final Exam,2025-02-17,63,90%,Medium,5,B
782,Tania Jahan,10,Physics,Mid Exam,2025-01-16,62,70%,Low,5,B
859,Tanvir Alam,10,Computer,Mid Exam,2025-02-13,49,82%,High,10,D
628,Nusrat Hossain,10,Bangla,Class Test,2025-01-09,66,84%,Low,5,B
980,Tania Jahan,10,Physics,Class Test,2025-02-20,49,76%,Medium,6,D
750,Mim Akter,10,Bangla,Class Test,2025-03-21,65,84%,Medium,7,B
738,Sifat Ahmed,10,Bangla,Final Exam,2025-01-08,41,93%,Low,10,D
825,Nusrat Hossain,10,English,Mid Exam,2025-03-13,66,60%,Medium,5,B
265,Mehedi Hasan,10,Physics,Final Exam,2025-03-24,74,90%,Low,9,B+
880,Ayesha Rahman,10,Bangla,Mid Exam,2025-03-24,80,77%,High,8,A
714,Sifat Ahmed,10,English,Class Test,2025-02-22,45,94%,Medium,6,D
891,Sakib Khan,10,Physics,Mid Exam,2025-03-06,50,79%,Low,8,C
341,Nusrat Hossain,10,Computer,Final Exam,2025-01-24,88,82%,High,7,A
612,Sifat Ahmed,10,Bangla,Mid Exam,2025-02-11,57,82%,Low,5,C
195,Tanvir Alam,10,Computer,Class Test,2025-03-30,77,99%,Medium,6,B+
188,Mim Akter,10,Biology,Class Test,2025-01-27,60,72%,High,9,B
616,Ayesha Rahman,10,Computer,Mid Exam,2025-01-03,54,97%,Medium,9,C
570,Sifat Ahmed,10,Math,Class Test,2025-01-10,55,62%,Medium,8,C
250,Tanvir Alam,10,Biology,Class Test,2025-01-01,90,94%,Medium,7,A+
435,Mim Akter,10,Biology,Final Exam,2025-01-22,65,80%,High,5,B
167,Ayesha Rahman,10,Bangla,Class Test,2025-01-22,96,66%,Medium,8,A+
117,Tanvir Alam,10,Physics,Final Exam,2025-03-28,84,89%,Medium,5,A
881,Nusrat Hossain,10,Computer,Final Exam,2025-03-03,41,94%,High,8,D
124,Mehedi Hasan,10,Bangla,Final Exam,2025-01-12,40,69%,Low,10,D
678,Mim Akter,10,Biology,Final Exam,2025-01-24,91,71%,High,8,A+
223,Ayesha Rahman,10,Bangla,Mid Exam,2025-03-02,96,90%,High,6,A+
786,Sakib Khan,10,Math,Class Test,2025-01-28,91,95%,Low,10,A+
403,Sakib Khan,10,Biology,Class Test,2025-01-06,91,98%,Low,10,A+
155,Mim Akter,10,English,Final Exam,2025-02-12,73,66%,Medium,5,B+
555,Tanvir Alam,10,Physics,Final Exam,2025-03-15,100,71%,Medium,7,A+
975,Tanvir Alam,10,Biology,Final Exam,2025-01-27,40,89%,Low,10,D
907,Mim Akter,10,English,Final Exam,2025-02-11,99,77%,Low,6,A+
320,Sifat Ahmed,10,Math,Final Exam,2025-02-24,82,84%,Medium,10,A
648,Sakib Khan,10,Math,Final Exam,2025-03-11,93,97%,High,6,A+
334,Tanvir Alam,10,Physics,Class Test,2025-03-31,40,78%,Medium,6,D
175,Nusrat Hossain,10,Biology,Class Test,2025-02-25,70,63%,Medium,6,B+
314,Tanvir Alam,10,English,Final Exam,2025-02-05,89,89%,Medium,8,A
376,Ayesha Rahman,10,Math,Class Test,2025-03-08,64,84%,High,8,B
553,Sakib Khan,10,Computer,Mid Exam,2025-03-19,55,68%,Medium,6,C
725,Nusrat Hossain,10,Bangla,Class Test,2025-01-06,77,93%,High,9,B+
373,Tania Jahan,10,Biology,Final Exam,2025-01-31,96,80%,Low,7,A+
759,Sifat Ahmed,10,Biology,Mid Exam,2025-03-02,99,85%,Low,7,A+
707,Mim Akter,10,Computer,Final Exam,2025-02-05,65,73%,Low,9,B
358,Tania Jahan,10,Math,Mid Exam,2025-01-17,95,66%,Medium,6,A+
218,Sakib Khan,10,Bangla,Mid Exam,2025-01-16,90,81%,Low,7,A+
550,Mim Akter,10,Bangla,Final Exam,2025-03-20,63,98%,Medium,7,B
326,Mim Akter,10,English,Mid Exam,2025-03-25,56,99%,High,6,C
597,Nusrat Hossain,10,Biology,Mid Exam,2025-02-28,95,77%,Low,9,A+
404,Mim Akter,10,Bangla,Class Test,2025-02-20,51,66%,Medium,6,C
187,Mim Akter,10,Biology,Final Exam,2025-01-01,75,76%,Low,8,B+
527,Nusrat Hossain,10,English,Final Exam,2025-02-20,77,70%,High,8,B+
840,Sifat Ahmed,10,English,Class Test,2025-02-28,87,77%,High,7,A
154,Tania Jahan,10,Math,Mid Exam,2025-01-15,99,62%,Low,9,A+
445,Mim Akter,10,Bangla,Mid Exam,2025-02-05,73,81%,High,8,B+
713,Mim Akter,10,English,Final Exam,2025-01-02,74,77%,Medium,9,B+
939,Sakib Khan,10,Math,Final Exam,2025-01-02,69,81%,Medium,10,B
570,Nusrat Hossain,10,Biology,Class Test,2025-01-28,65,97%,Low,9,B
754,Mim Akter,10,Math,Class Test,2025-02-24,61,83%,Medium,6,B
761,Mehedi Hasan,10,English,Mid Exam,2025-02-24,48,67%,High,5,D
290,Sifat Ahmed,10,Computer,Mid Exam,2025-02-11,54,78%,Low,7,C
253,Ayesha Rahman,10,Biology,Class Test,2025-02-22,69,79%,High,5,B
529,Mehedi Hasan,10,Computer,Class Test,2025-01-25,85,67%,Low,5,A
873,Mim Akter,10,Physics,Class Test,2025-01-24,97,84%,Low,5,A+
495,Sifat Ahmed,10,English,Mid Exam,2025-01-03,99,75%,Medium,7,A+
864,Sakib Khan,10,English,Class Test,2025-01-19,61,82%,Medium,5,B
912,Tania Jahan,10,Computer,Final Exam,2025-02-20,78,79%,Low,9,B+
636,Mehedi Hasan,10,Computer,Final Exam,2025-01-01,82,82%,Low,9,A
148,Ayesha Rahman,10,Computer,Mid Exam,2025-03-11,81,72%,Low,9,A
531,Mehedi Hasan,10,Bangla,Mid Exam,2025-03-31,55,81%,Low,5,C
436,Tania Jahan,10,Math,Mid Exam,2025-01-01,53,91%,High,8,C
351,Mim Akter,10,Bangla,Class Test,2025-01-08,60,90%,High,8,B
854,Mehedi Hasan,10,Math,Final Exam,2025-01-16,73,96%,High,6,B+
365,Tania Jahan,10,Bangla,Mid Exam,2025-02-05,91,93%,Medium,6,A+
935,Sifat Ahmed,10,Physics,Mid Exam,2025-02-04,96,94%,Low,5,A+
901,Mehedi Hasan,10,Biology,Class Test,2025-02-14,56,69%,Low,8,C
359,Tanvir Alam,10,English,Final Exam,2025-01-25,88,72%,High,5,A
441,Mim Akter,10,Bangla,Class Test,2025-01-11,74,97%,High,9,B+
379,Ayesha Rahman,10,Biology,Class Test,2025-01-18,98,84%,Medium,8,A+
950,Mehedi Hasan,10,English,Mid Exam,2025-03-16,96,99%,Medium,8,A+
284,Nusrat Hossain,10,Biology,Class Test,2025-01-07,78,87%,Medium,6,B+
120,Mim Akter,10,Math,Final Exam,2025-02-27,97,79%,Medium,10,A+
976,Tanvir Alam,10,Physics,Final Exam,2025-01-19,63,90%,Low,8,B
123,Sifat Ahmed,10,English,Class Test,2025-01-18,75,69%,High,8,B+
296,Sifat Ahmed,10,Physics,Final Exam,2025-03-26,58,66%,High,5,C
714,Tania Jahan,10,Biology,Final Exam,2025-03-31,96,100%,High,5,A+
158,Mim Akter,10,English,Mid Exam,2025-02-25,69,97%,Low,5,B
124,Tania Jahan,10,Math,Class Test,2025-02-13,48,89%,Low,10,D
700,Ayesha Rahman,10,Physics,Final Exam,2025-03-31,43,72%,High,8,D
431,Nusrat Hossain,10,Bangla,Class Test,2025-01-30,55,98%,High,7,C
894,Mehedi Hasan,10,Physics,Mid Exam,2025-03-15,47,99%,Low,7,D
259,Tania Jahan,10,Biology,Final Exam,2025-01-05,69,80%,Low,10,B
610,Mim Akter,10,Math,Class Test,2025-01-28,46,95%,Low,9,D
399,Mehedi Hasan,10,English,Mid Exam,2025-03-06,43,89%,Medium,9,D
109,Tanvir Alam,10,Computer,Mid Exam,2025-03-15,42,79%,Low,6,D
210,Mehedi Hasan,10,Biology,Final Exam,2025-01-15,85,82%,Medium,7,A
721,Ayesha Rahman,10,Math,Class Test,2025-02-12,71,67%,Medium,9,B+
601,Mim Akter,10,Biology,Class Test,2025-02-19,61,97%,High,5,B
889,Tania Jahan,10,Physics,Final Exam,2025-03-27,64,65%,High,5,B
874,Nusrat Hossain,10,Physics,Class Test,2025-02-16,83,77%,High,9,A
950,Sakib Khan,10,Math,Class Test,2025-03-01,90,85%,Medium,5,A+
402,Ayesha Rahman,10,Physics,Mid Exam,2025-02-16,48,98%,High,9,D
550,Mim Akter,10,Math,Mid Exam,2025-02-01,69,96%,Medium,8,B
313,Nusrat Hossain,10,Math,Mid Exam,2025-02-17,84,63%,High,9,A
183,Nusrat Hossain,10,Math,Final Exam,2025-01-14,68,95%,High,10,B
874,Ayesha Rahman,10,Math,Class Test,2025-01-21,54,85%,Low,10,C
741,Nusrat Hossain,10,Computer,Class Test,2025-02-05,47,96%,Medium,6,D
761,Nusrat Hossain,10,Math,Class Test,2025-03-14,41,82%,Low,5,D
736,Nusrat Hossain,10,Bangla,Mid Exam,2025-02-03,97,66%,Low,10,A+
189,Tania Jahan,10,Math,Class Test,2025-01-15,57,71%,Medium,8,C
288,Sakib Khan,10,Computer,Class Test,2025-01-16,61,91%,High,10,B
446,Tanvir Alam,10,Physics,Final Exam,2025-01-07,60,74%,Low,6,B
241,Tania Jahan,10,Bangla,Mid Exam,2025-03-20,63,95%,Medium,7,B
633,Ayesha Rahman,10,Math,Mid Exam,2025-03-19,60,61%,Medium,7,B
809,Tania Jahan,10,Computer,Class Test,2025-03-01,91,94%,Low,10,A+
145,Tania Jahan,10,English,Class Test,2025-01-07,55,66%,High,5,C
545,Tania Jahan,10,Computer,Class Test,2025-01-17,54,87%,Medium,6,C
782,Tania Jahan,10,Physics,Mid Exam,2025-03-03,46,82%,High,9,D
459,Tanvir Alam,10,Physics,Class Test,2025-01-16,73,78%,High,8,B+
833,Tanvir Alam,10,Computer,Mid Exam,2025-01-21,48,73%,Medium,6,D
846,Sifat Ahmed,10,English,Mid Exam,2025-02-16,45,96%,Medium,5,D
261,Nusrat Hossain,10,Physics,Class Test,2025-02-08,48,92%,Medium,6,D
276,Tania Jahan,10,Math,Mid Exam,2025-01-20,91,74%,High,6,A+
371,Sifat Ahmed,10,English,Mid Exam,2025-02-10,100,76%,Low,6,A+
628,Mehedi Hasan,10,Computer,Class Test,2025-03-07,100,75%,Low,6,A+
198,Tania Jahan,10,Physics,Class Test,2025-01-28,97,67%,Low,8,A+
810,Sakib Khan,10,Bangla,Mid Exam,2025-02-07,59,61%,Medium,8,C
549,Tania Jahan,10,Math,Mid Exam,2025-02-16,69,93%,Low,6,B
351,Sifat Ahmed,10,Math,Class Test,2025-03-21,47,85%,Low,9,D
812,Sakib Khan,10,Computer,Mid Exam,2025-01-01,87,92%,Medium,7,A
511,Mim Akter,10,Biology,Mid Exam,2025-03-03,84,81%,High,5,A
742,Tanvir Alam,10,Biology,Class Test,2025-03-24,82,85%,Medium,6,A
120,Tania Jahan,10,Physics,Final Exam,2025-01-22,84,80%,Low,6,A
714,Mehedi Hasan,10,Biology,Mid Exam,2025-01-21,64,72%,Low,7,B
502,Sifat Ahmed,10,English,Final Exam,2025-02-23,49,87%,Medium,8,D
103,Mehedi Hasan,10,Math,Mid Exam,2025-03-25,70,98%,High,10,B+
955,Mim Akter,10,Bangla,Final Exam,2025-03-18,88,65%,Medium,5,A
276,Sakib Khan,10,Biology,Mid Exam,2025-02-10,69,91%,High,10,B
805,Sifat Ahmed,10,Physics,Mid Exam,2025-02-26,49,93%,Medium,8,D
503,Nusrat Hossain,10,Math,Mid Exam,2025-03-13,100,69%,High,10,A+
658,Tanvir Alam,10,Math,Final Exam,2025-01-29,81,70%,High,10,A
262,Sifat Ahmed,10,Computer,Class Test,2025-01-19,40,98%,Medium,10,D
288,Tanvir Alam,10,English,Mid Exam,2025-03-20,77,81%,Medium,8,B+
269,Mim Akter,10,Physics,Mid Exam,2025-01-01,80,85%,Medium,6,A
425,Sakib Khan,10,Math,Final Exam,2025-02-11,50,67%,Medium,7,C
583,Nusrat Hossain,10,Math,Class Test,2025-02-01,44,87%,High,8,D
909,Tanvir Alam,10,English,Mid Exam,2025-03-22,62,86%,Low,8,B
875,Tania Jahan,10,Bangla,Mid Exam,2025-03-15,43,62%,Medium,6,D
626,Mehedi Hasan,10,Computer,Mid Exam,2025-01-12,100,67%,Low,9,A+
875,Tanvir Alam,10,Biology,Class Test,2025-01-13,73,92%,Low,10,B+
953,Tania Jahan,10,Bangla,Final Exam,2025-01-30,55,96%,Low,10,C
348,Mim Akter,10,Biology,Final Exam,2025-02-25,45,80%,Low,9,D
495,Tania Jahan,10,Bangla,Final Exam,2025-02-20,64,87%,Low,5,B
940,Sifat Ahmed,10,Bangla,Class Test,2025-02-21,91,87%,High,9,A+
708,Mehedi Hasan,10,Bangla,Final Exam,2025-03-18,78,77%,Medium,10,B+
530,Tania Jahan,10,Computer,Final Exam,2025-02-22,60,66%,High,7,B
500,Ayesha Rahman,10,Computer,Final Exam,2025-01-26,73,60%,Low,10,B+
411,Mehedi Hasan,10,Math,Mid Exam,2025-03-05,58,66%,High,5,C
705,Nusrat Hossain,10,Physics,Class Test,2025-01-28,82,69%,High,5,A
121,Ayesha Rahman,10,Physics,Mid Exam,2025-01-16,78,78%,Medium,9,B+
205,Mim Akter,10,Math,Mid Exam,2025-01-21,41,81%,Low,10,D
318,Mehedi Hasan,10,English,Final Exam,2025-03-23,47,100%,Medium,5,D
943,Nusrat Hossain,10,Physics,Final Exam,2025-03-05,68,91%,High,10,B
481,Mim Akter,10,Physics,Class Test,2025-03-01,55,94%,Low,8,C
843,Sakib Khan,10,Computer,Mid Exam,2025-01-02,45,70%,Low,5,D
921,Sakib Khan,10,Computer,Mid Exam,2025-03-05,100,88%,Low,10,A+
464,Sakib Khan,10,Physics,Class Test,2025-02-27,95,60%,Medium,10,A+
601,Ayesha Rahman,10,Computer,Final Exam,2025-02-05,45,70%,Medium,7,D
377,Tanvir Alam,10,Physics,Final Exam,2025-01-22,47,89%,Medium,6,D
851,Tania Jahan,10,Bangla,Mid Exam,2025-01-26,43,76%,High,5,D
993,Sifat Ahmed,10,Physics,Mid Exam,2025-02-07,88,87%,Low,6,A
410,Nusrat Hossain,10,Bangla,Class Test,2025-01-21,59,97%,Medium,8,C
